City_ID,City,Country,Date,Lat,Lng,Max Temp,Humidity,Cloudiness,Wind Speed
0,Mataura,NZ,2021-03-26 04:37:07,-46.1927,168.8643,63.0,79,100,8.99
1,Bredasdorp,ZA,2021-03-26 04:37:07,-34.5322,20.0403,60.8,94,76,5.75
2,Pisco,PE,2021-03-26 04:37:07,-13.7,-76.2167,68.0,77,0,6.91
3,Avarua,CK,2021-03-26 04:37:08,-21.2078,-159.775,82.4,74,20,18.41
4,Albox,ES,2021-03-26 04:37:08,37.3886,-2.1495,50.0,76,72,4.0
5,Ponta Do Sol,PT,2021-03-26 04:37:08,32.6667,-17.1,66.99,72,40,14.97
6,Kholtoson,RU,2021-03-26 04:37:09,50.2981,103.3097,39.04,45,70,5.26
7,Dicabisagan,PH,2021-03-26 04:37:09,17.0818,122.4157,83.28,67,17,5.46
8,Kodiak,US,2021-03-26 04:32:13,57.79,-152.4072,41.0,48,20,14.97
9,Klaksvik,FO,2021-03-26 04:37:10,62.2266,-6.589,39.2,81,40,13.8
10,Anloga,GH,2021-03-26 04:37:10,5.7947,0.8973,77.0,88,20,2.3
11,Lavrentiya,RU,2021-03-26 04:37:11,65.5833,-171.0,-1.14,97,79,3.51
12,Cabo San Lucas,MX,2021-03-26 04:33:38,22.8909,-109.9124,64.0,82,1,11.5
13,Praia Da Vitoria,PT,2021-03-26 04:37:11,38.7333,-27.0667,57.2,62,75,10.98
14,Walvis Bay,NA,2021-03-26 04:33:27,-22.9575,14.5053,63.0,94,32,2.3
15,Alice Springs,AU,2021-03-26 04:37:12,-23.7,133.8833,89.6,22,3,5.75
16,Tutoia,BR,2021-03-26 04:37:12,-2.7619,-42.2744,74.73,90,100,2.98
17,Busselton,AU,2021-03-26 04:37:12,-33.65,115.3333,73.0,52,15,4.0
18,Nikolskoye,RU,2021-03-26 04:37:12,59.7035,30.7861,35.01,93,75,2.24
19,Quatre Cocos,MU,2021-03-26 04:37:13,-20.2078,57.7625,79.0,94,40,6.91
20,Port Alfred,ZA,2021-03-26 04:37:13,-33.5906,26.891,67.98,83,23,17.18
21,Ribeira Grande,PT,2021-03-26 04:37:13,38.5167,-28.7,57.27,63,80,13.24
22,Eureka,US,2021-03-26 04:35:21,40.8021,-124.1637,48.0,78,22,5.99
23,Kingsland,US,2021-03-26 04:37:14,30.8,-81.6898,72.0,1,85,1.99
24,Moose Factory,CA,2021-03-26 04:37:14,51.2585,-80.6094,6.8,85,1,5.75
25,Narsaq,GL,2021-03-26 04:37:15,60.9167,-46.05,5.0,33,33,11.5
26,Pangnirtung,CA,2021-03-26 04:37:15,66.1451,-65.7125,-29.88,78,7,5.32
27,San Vicente,AR,2021-03-26 04:37:15,-26.6167,-54.1333,66.09,88,14,2.89
28,Dikson,RU,2021-03-26 04:33:07,73.5069,80.5464,11.41,91,98,4.34
29,La Ronge,CA,2021-03-26 04:37:16,55.1001,-105.2842,19.4,86,100,8.05
30,Hobart,AU,2021-03-26 04:37:16,-42.8794,147.3294,72.0,35,0,11.5
31,Oranjestad,AW,2021-03-26 04:33:40,12.524,-70.027,78.8,78,40,19.57
32,Dolinsk,RU,2021-03-26 04:37:17,47.35,142.8,35.6,55,6,17.9
33,Ushuaia,AR,2021-03-26 04:37:17,-54.8,-68.3,41.0,87,90,14.97
34,East London,ZA,2021-03-26 04:37:17,-33.0153,27.9116,64.4,94,20,4.61
35,Jamestown,US,2021-03-26 04:35:57,42.097,-79.2353,59.0,94,90,11.07
36,Dingle,PH,2021-03-26 04:37:18,10.9995,122.6711,87.42,60,93,14.2
37,Tuktoyaktuk,CA,2021-03-26 04:37:18,69.4541,-133.0374,3.2,85,90,4.61
38,Comodoro Rivadavia,AR,2021-03-26 04:37:18,-45.8667,-67.5,60.8,23,0,13.8
39,Codrington,AU,2021-03-26 04:37:19,-38.2667,141.9667,69.3,43,99,12.93
40,Sinnamary,GF,2021-03-26 04:37:19,5.3833,-52.95,75.88,87,44,10.13
41,Gobabis,NA,2021-03-26 04:37:19,-22.45,18.9667,64.18,72,50,5.93
42,New Norfolk,AU,2021-03-26 04:37:20,-42.7826,147.0587,72.0,47,92,5.01
43,Annau,TM,2021-03-26 04:37:20,37.8876,58.516,62.6,67,75,13.8
44,Vila Velha,BR,2021-03-26 04:37:20,-20.3297,-40.2925,73.4,94,0,4.61
45,Vaini,TO,2021-03-26 04:37:21,-21.2,-175.2,80.6,83,75,12.66
46,Kenai,US,2021-03-26 04:37:21,60.5544,-151.2583,30.2,80,20,3.42
47,Preobrazheniye,RU,2021-03-26 04:37:21,42.9019,133.9064,39.51,83,50,8.72
48,Saldanha,ZA,2021-03-26 04:37:22,-33.0117,17.9442,62.6,88,75,9.22
49,Torbay,CA,2021-03-26 04:35:28,47.6666,-52.7314,44.01,100,90,11.5
50,Mehamn,NO,2021-03-26 04:37:22,71.0357,27.8492,26.6,68,0,14.97
51,Chokurdakh,RU,2021-03-26 04:37:22,70.6333,147.9167,-13.0,92,84,4.7
52,Tiksi,RU,2021-03-26 04:37:23,71.6872,128.8694,12.2,79,100,13.91
53,Vila Franca Do Campo,PT,2021-03-26 04:37:23,37.7167,-25.4333,55.4,71,20,8.05
54,Punta Arenas,CL,2021-03-26 04:37:23,-53.15,-70.9167,46.4,61,0,34.52
55,Rikitea,PF,2021-03-26 04:37:24,-23.1203,-134.9692,80.15,72,100,20.04
56,Berdigestyakh,RU,2021-03-26 04:33:09,62.0989,126.6992,18.91,86,100,10.16
57,Pacific Grove,US,2021-03-26 04:33:21,36.6177,-121.9166,50.0,86,29,7.0
58,Iqaluit,CA,2021-03-26 04:37:24,63.7506,-68.5145,-25.6,62,1,16.11
59,Vrangel,RU,2021-03-26 04:37:25,42.7297,133.0839,38.7,84,18,6.58
60,Geraldton,AU,2021-03-26 04:37:25,-28.7667,114.6,80.6,39,6,14.97
61,Hermanus,ZA,2021-03-26 04:37:25,-34.4187,19.2345,62.01,93,76,9.19
62,Qaanaaq,GL,2021-03-26 04:37:26,77.484,-69.3632,-19.98,53,41,9.24
63,Norman Wells,CA,2021-03-26 04:37:26,65.282,-126.8329,17.6,49,75,4.61
64,Nome,US,2021-03-26 04:37:26,64.5011,-165.4064,10.4,72,1,5.75
65,Kapaa,US,2021-03-26 04:37:27,22.0752,-159.319,69.8,94,90,9.22
66,Ko Samui,TH,2021-03-26 04:34:02,9.5357,99.9357,87.8,66,20,11.5
67,Kahului,US,2021-03-26 04:37:27,20.8947,-156.47,78.8,69,40,5.75
68,Matara,LK,2021-03-26 04:37:28,5.9485,80.5353,87.46,63,82,13.24
69,Pozo Colorado,PY,2021-03-26 04:37:28,-23.4923,-58.7972,77.14,52,0,5.39
70,Adrar,MR,2021-03-26 04:37:28,20.5022,-10.0711,66.27,11,0,12.53
71,Tura,IN,2021-03-26 04:37:29,25.5198,90.2201,91.92,9,0,8.7
72,Wakefield,GB,2021-03-26 04:37:29,53.6809,-1.499,48.99,75,99,11.01
73,Grafton,US,2021-03-26 04:37:29,42.207,-71.6856,57.99,88,1,11.5
74,Havoysund,NO,2021-03-26 04:37:30,70.9963,24.6622,30.2,69,0,8.05
75,Hovd,MN,2021-03-26 04:37:30,48.0056,91.6419,52.43,25,4,22.24
76,Gamba,GA,2021-03-26 04:37:30,-2.65,10.0,72.18,94,95,5.32
77,Bluff,NZ,2021-03-26 04:37:31,-46.6,168.3333,63.0,79,100,8.99
78,Hilo,US,2021-03-26 04:37:31,19.7297,-155.09,77.0,69,75,9.22
79,Batemans Bay,AU,2021-03-26 04:37:31,-35.7167,150.1833,71.01,62,54,1.99
80,Mar Del Plata,AR,2021-03-26 04:35:51,-38.0023,-57.5575,64.99,100,90,12.66
81,Lebu,CL,2021-03-26 04:37:32,-37.6167,-73.65,51.94,87,2,11.74
82,Souillac,MU,2021-03-26 04:37:32,-20.5167,57.5167,75.2,94,40,6.91
83,Ilulissat,GL,2021-03-26 04:37:32,69.2167,-51.1,-9.4,70,90,10.36
84,Severo-Kurilsk,RU,2021-03-26 04:37:33,50.6789,156.125,29.84,73,100,7.92
85,Cape Town,ZA,2021-03-26 04:34:01,-33.9258,18.4232,66.2,77,40,13.8
86,Vangaindrano,MG,2021-03-26 04:37:33,-23.35,47.6,75.27,82,94,1.77
87,Sioux Lookout,CA,2021-03-26 04:37:34,50.1001,-91.917,24.8,68,1,8.05
88,Hamilton,US,2021-03-26 04:33:12,39.1834,-84.5333,64.99,82,90,19.57
89,Tuatapere,NZ,2021-03-26 04:37:34,-46.1333,167.6833,63.0,79,100,8.99
90,Hasaki,JP,2021-03-26 04:37:34,35.7333,140.8333,72.0,34,20,4.61
91,Umea,SE,2021-03-26 04:35:04,63.8284,20.2597,19.4,100,0,2.3
92,Trairi,BR,2021-03-26 04:33:11,-3.2778,-39.2689,73.87,91,90,4.18
93,Winslow,US,2021-03-26 04:37:35,35.0242,-110.6974,45.0,45,90,5.75
94,Hobyo,SO,2021-03-26 04:37:35,5.3505,48.5268,81.93,54,97,19.39
95,Khani,GE,2021-03-26 04:37:36,41.9563,42.9566,39.2,93,75,2.3
96,Fort Nelson,CA,2021-03-26 04:37:36,58.8053,-122.7002,24.8,54,75,4.61
97,Luderitz,NA,2021-03-26 04:37:36,-26.6481,15.1594,60.13,96,32,6.06
98,Olafsvik,IS,2021-03-26 04:37:36,64.8945,-23.7142,19.76,79,100,22.53
99,Moroni,KM,2021-03-26 04:37:37,-11.7022,43.2551,80.6,78,20,8.05
100,Ozernovskiy,RU,2021-03-26 04:37:37,51.5,156.5167,29.21,64,100,9.57
101,Bar Harbor,US,2021-03-26 04:37:37,44.3876,-68.2039,46.0,100,90,6.91
102,Saskylakh,RU,2021-03-26 04:37:38,71.9167,114.0833,3.74,91,85,2.93
103,Matamoros,MX,2021-03-26 04:36:18,25.5333,-103.25,64.99,20,0,2.98
104,Lompoc,US,2021-03-26 04:37:38,34.6391,-120.4579,51.8,66,90,8.05
105,Pemangkat,ID,2021-03-26 04:37:39,1.1667,108.9667,82.13,70,97,6.02
106,Port-Gentil,GA,2021-03-26 04:37:39,-0.7193,8.7815,79.56,75,100,2.71
107,Chuy,UY,2021-03-26 04:37:39,-33.6971,-53.4616,69.84,97,100,10.87
108,Nabire,ID,2021-03-26 04:37:40,-3.3667,135.4833,78.48,86,100,1.66
109,Orlik,RU,2021-03-26 04:37:40,52.5178,99.825,23.25,76,100,0.78
110,Caraballeda,VE,2021-03-26 04:37:40,10.6112,-66.8522,77.0,88,40,1.14
111,Srednekolymsk,RU,2021-03-26 04:37:40,67.45,153.6833,-1.14,78,100,7.74
112,Porto Walter,BR,2021-03-26 04:37:41,-8.2686,-72.7439,72.14,99,100,1.01
113,Danilovka,RU,2021-03-26 04:37:41,50.3557,44.1168,29.71,83,100,11.63
114,Portobelo,PA,2021-03-26 04:37:42,9.55,-79.65,79.0,99,68,8.01
115,Svetlogorsk,BY,2021-03-26 04:37:42,52.6333,29.7333,35.82,80,83,2.46
116,Kaitangata,NZ,2021-03-26 04:37:42,-46.2817,169.8464,64.0,82,100,4.0
117,Progreso,MX,2021-03-26 04:37:43,21.2833,-89.6667,81.0,65,1,13.8
118,Nuuk,GL,2021-03-26 04:37:43,64.1835,-51.7216,1.4,71,75,8.05
119,Atuona,PF,2021-03-26 04:37:44,-9.8,-139.0333,80.82,76,28,21.27
120,Kango,GA,2021-03-26 04:37:44,0.1943,10.0951,70.66,95,100,1.41
121,Vestmannaeyjar,IS,2021-03-26 04:37:44,63.4427,-20.2734,28.9,83,100,20.94
122,Port Said,EG,2021-03-26 04:37:45,31.2565,32.2841,53.6,87,20,9.22
123,Tommot,RU,2021-03-26 04:37:45,58.9564,126.2925,32.86,74,92,5.21
124,Sitka,US,2021-03-26 04:37:45,57.0531,-135.33,37.4,93,90,3.44
125,Albany,US,2021-03-26 04:35:40,42.6001,-73.9662,63.0,80,100,6.73
126,Machico,PT,2021-03-26 04:37:46,32.7,-16.7667,64.4,72,40,14.97
127,Lagoa,PT,2021-03-26 04:37:46,39.05,-27.9833,56.77,61,100,12.1
128,Esperance,AU,2021-03-26 04:37:46,-33.8667,121.9,71.6,49,90,12.66
129,Deputatskiy,RU,2021-03-26 04:37:47,69.3,139.9,-4.0,80,38,1.68
130,Tasiilaq,GL,2021-03-26 04:37:47,65.6145,-37.6368,-4.0,71,97,8.05
131,Kruisfontein,ZA,2021-03-26 04:37:47,-34.0033,24.7314,60.01,93,13,1.01
132,Waingapu,ID,2021-03-26 04:37:09,-9.6567,120.2641,84.43,75,66,5.82
133,Vestmanna,FO,2021-03-26 04:37:48,62.1564,-7.1664,39.2,81,40,13.8
134,Aktau,KZ,2021-03-26 04:37:48,43.65,51.2,41.0,75,75,15.66
135,San Cristobal,VE,2021-03-26 04:37:48,7.7669,-72.225,66.45,92,100,0.4
136,Trelaze,FR,2021-03-26 04:37:49,47.45,-0.4667,41.0,87,75,7.18
137,Georgetown,MY,2021-03-26 04:37:49,5.4112,100.3354,86.0,74,40,3.44
138,Sawakin,SD,2021-03-26 04:33:02,19.1059,37.3321,74.17,64,40,13.31
139,Baleshwar,IN,2021-03-26 04:37:49,21.4942,86.9317,97.7,17,48,5.46
140,Bethel,US,2021-03-26 04:37:50,41.3712,-73.414,59.0,88,90,5.75
141,Bathsheba,BB,2021-03-26 04:37:50,13.2167,-59.5167,77.0,65,40,18.41
142,Grindavik,IS,2021-03-26 04:37:50,63.8424,-22.4338,24.8,80,75,25.32
143,Korla,CN,2021-03-26 04:37:51,41.7597,86.1469,61.57,24,84,14.16
144,Clyde River,CA,2021-03-26 04:37:51,70.4692,-68.5914,-16.6,69,1,5.75
145,Bataipora,BR,2021-03-26 04:37:51,-22.2953,-53.2711,74.03,60,4,3.06
146,Barrow,US,2021-03-26 04:37:52,71.2906,-156.7887,-5.8,65,1,6.91
147,Marienburg,PL,2021-03-26 04:37:52,54.0359,19.0266,37.99,93,75,2.3
148,Coquimbo,CL,2021-03-26 04:37:52,-29.9533,-71.3436,55.4,82,0,4.61
149,Lamlash,GB,2021-03-26 04:37:52,55.5336,-5.1296,46.4,87,90,19.57
150,Izhevskoye,RU,2021-03-26 04:37:53,54.5567,40.8703,33.26,96,100,4.03
151,Warmbad,NA,2021-03-26 04:37:53,-28.45,18.7333,70.34,43,0,6.64
152,Isangel,VU,2021-03-26 04:37:53,-19.55,169.2667,84.2,58,40,4.61
153,Arraial Do Cabo,BR,2021-03-26 04:37:54,-22.9661,-42.0278,75.38,84,2,3.83
154,Port Pirie,AU,2021-03-26 04:37:54,-33.1833,138.0167,71.6,60,90,14.97
155,Leningradskiy,RU,2021-03-26 04:37:54,69.3833,178.4167,-15.18,96,73,1.28
156,Makakilo City,US,2021-03-26 04:37:55,21.3469,-158.0858,78.8,69,20,9.22
157,Halifax,CA,2021-03-26 04:33:54,44.6453,-63.5724,37.99,100,91,1.14
158,Cherskiy,RU,2021-03-26 04:37:55,68.75,161.3,-7.42,92,95,3.6
159,Kabarnet,KE,2021-03-26 04:37:56,0.4919,35.743,61.54,48,32,3.44
160,Kualakapuas,ID,2021-03-26 04:37:56,-3.0091,114.3876,82.4,78,40,4.61
161,Tessalit,ML,2021-03-26 04:37:56,20.1986,1.0114,64.65,10,0,10.22
162,Doong,PH,2021-03-26 04:37:57,11.0786,123.6395,82.83,72,83,9.44
163,Tambopata,PE,2021-03-26 04:37:57,-12.7333,-69.1833,70.79,98,88,0.4
164,Katsuura,JP,2021-03-26 04:37:57,35.1333,140.3,70.0,39,20,11.5
165,Bilibino,RU,2021-03-26 04:37:57,68.0546,166.4372,-3.59,88,51,1.07
166,Egvekinot,RU,2021-03-26 04:37:58,66.3167,-179.1667,-6.3,89,71,7.49
167,Saint-Philippe,RE,2021-03-26 04:37:58,-21.3585,55.7679,81.0,69,0,4.61
168,Tilichiki,RU,2021-03-26 04:37:58,60.4667,166.1,10.72,81,100,17.67
169,Alofi,NU,2021-03-26 04:37:59,-19.0595,-169.9187,84.2,79,15,11.5
170,Yellowknife,CA,2021-03-26 04:37:59,62.456,-114.3525,-4.0,77,20,3.44
171,Awjilah,LY,2021-03-26 04:37:59,29.1081,21.2869,49.06,68,3,7.54
172,Marsabit,KE,2021-03-26 04:38:00,2.3284,37.9899,67.05,65,20,14.43
173,Palmer,US,2021-03-26 04:37:31,42.1584,-72.3287,59.0,88,90,10.36
174,Tarquinia,IT,2021-03-26 04:38:00,42.2482,11.7553,42.01,92,0,6.02
175,Tonantins,BR,2021-03-26 04:38:00,-2.8731,-67.8022,72.48,98,75,2.15
176,Nanortalik,GL,2021-03-26 04:38:01,60.1432,-45.2371,11.41,56,77,13.49
177,Sur,OM,2021-03-26 04:38:01,22.5667,59.5289,81.72,43,10,3.83
178,Beyneu,KZ,2021-03-26 04:38:01,45.3167,55.2,42.12,67,100,17.74
179,Tres Lagoas,BR,2021-03-26 04:38:02,-20.7511,-51.6783,74.8,56,8,1.74
180,Brainerd,US,2021-03-26 04:38:02,46.358,-94.2008,28.4,69,1,5.75
181,Genhe,CN,2021-03-26 04:38:02,50.7833,121.5167,35.49,82,100,13.0
182,Port Elizabeth,ZA,2021-03-26 04:38:03,-33.918,25.5701,64.4,94,0,9.22
183,Yucca Valley,US,2021-03-26 04:36:21,34.1142,-116.4322,43.0,76,18,8.01
184,Haines Junction,CA,2021-03-26 04:38:03,60.7522,-137.5108,21.2,63,96,1.14
185,Faanui,PF,2021-03-26 04:38:03,-16.4833,-151.75,83.14,73,27,21.39
186,Sangar,RU,2021-03-26 04:33:13,63.9242,127.4739,6.19,85,100,16.78
187,Caravelas,BR,2021-03-26 04:38:04,-17.7125,-39.2481,73.6,85,0,3.11
188,Samarai,PG,2021-03-26 04:38:04,-10.6167,150.6667,85.24,71,27,14.63
189,Jumla,NP,2021-03-26 04:38:04,29.2747,82.1838,65.55,9,0,5.06
190,Esil,KZ,2021-03-26 04:38:05,51.9556,66.4042,22.91,86,91,9.84
191,Korba,IN,2021-03-26 04:38:05,22.35,82.6833,96.76,9,3,3.15
192,Te Anau,NZ,2021-03-26 04:38:05,-45.4167,167.7167,61.88,68,99,7.16
193,Sarakhs,IR,2021-03-26 04:38:06,36.5449,61.1577,64.4,59,0,4.61
194,Rio Gallegos,AR,2021-03-26 04:38:06,-51.6226,-69.2181,48.2,49,0,20.71
195,Vung Tau,VN,2021-03-26 04:38:06,10.346,107.0843,84.38,68,99,18.92
196,Wloclawek,PL,2021-03-26 04:38:07,52.6482,19.0678,43.99,81,97,5.7
197,Yangambi,CD,2021-03-26 04:38:07,0.8102,24.4336,69.22,99,100,4.38
198,Santa Ana,US,2021-03-26 04:38:07,33.7456,-117.8678,55.4,62,40,8.05
199,Henties Bay,NA,2021-03-26 04:38:08,-22.116,14.2845,63.0,94,76,4.99
200,Port Hardy,CA,2021-03-26 04:38:08,50.6996,-127.4199,44.6,81,40,5.75
201,Vostok,RU,2021-03-26 04:38:08,46.4856,135.8833,37.11,67,11,4.99
202,Sorland,NO,2021-03-26 04:38:09,67.667,12.6934,40.41,84,82,28.12
203,Panaba,MX,2021-03-26 04:38:09,21.2833,-88.2667,74.71,84,0,11.23
204,Morales,CO,2021-03-26 04:38:09,2.757,-76.6172,60.12,97,100,0.98
205,Khatanga,RU,2021-03-26 04:38:10,71.9667,102.5,6.49,86,68,2.62
206,Airai,TL,2021-03-26 04:38:10,-8.9266,125.4092,72.82,71,92,2.55
207,Provideniya,RU,2021-03-26 04:38:10,64.3833,-173.3,5.0,72,75,13.42
208,Fairbanks,US,2021-03-26 04:34:11,64.8378,-147.7164,28.4,80,75,10.36
209,Beira,MZ,2021-03-26 04:33:21,-19.8436,34.8389,69.8,94,20,5.75
210,Batsfjord,NO,2021-03-26 04:38:11,70.6345,29.7185,21.2,73,20,12.66
211,Inhambane,MZ,2021-03-26 04:38:11,-23.865,35.3833,73.4,94,40,3.09
212,Kainantu,PG,2021-03-26 04:38:12,-6.2887,145.8655,69.91,81,100,3.62
213,Talnakh,RU,2021-03-26 04:38:12,69.4865,88.3972,17.82,92,100,12.06
214,Awassa,ET,2021-03-26 04:38:12,7.05,38.4667,66.94,24,48,3.94
215,Iida,JP,2021-03-26 04:38:13,35.5197,137.8207,61.0,35,44,8.01
216,Vila Do Maio,CV,2021-03-26 04:38:13,15.1333,-23.2167,68.0,77,20,17.27
217,Hithadhoo,MV,2021-03-26 04:38:13,-0.6,73.0833,83.5,69,91,5.84
218,Ust-Maya,RU,2021-03-26 04:38:13,60.4167,134.5333,14.2,77,100,5.19
219,Komsomolskiy,UZ,2021-03-26 04:38:14,40.4272,71.7189,57.2,67,75,23.02
220,Pringsewu,ID,2021-03-26 04:38:14,-5.3582,104.9744,88.5,57,99,2.53
221,Dombarovskiy,RU,2021-03-26 04:38:15,50.7587,59.5386,26.08,89,100,12.71
222,Ossipee,US,2021-03-26 04:38:15,43.6854,-71.1167,46.99,100,90,4.61
223,Seidu,SL,2021-03-26 04:38:16,9.0167,-10.6,70.16,91,29,2.15
224,Mackay,AU,2021-03-26 04:38:16,-21.15,149.2,87.01,65,2,14.97
225,Laguna,US,2021-03-26 04:38:16,38.421,-121.4238,57.2,66,1,5.75
226,Havelock,US,2021-03-26 04:38:16,34.8791,-76.9013,71.01,88,100,8.01
227,Katobu,ID,2021-03-26 04:38:17,-4.9408,122.5276,85.48,70,85,6.58
228,Taltal,CL,2021-03-26 04:38:17,-25.4,-70.4833,66.24,76,0,4.25
229,Nyagan,RU,2021-03-26 04:38:17,62.1406,65.3936,33.78,92,20,10.33
230,Gumdag,TM,2021-03-26 04:38:18,39.2061,54.5906,56.19,58,10,9.01
231,Alta Floresta,BR,2021-03-26 04:38:18,-9.8756,-56.0861,70.07,97,100,2.46
232,Bengkulu,ID,2021-03-26 04:37:00,-3.8004,102.2655,85.35,64,84,7.4
233,Ancud,CL,2021-03-26 04:38:19,-41.8697,-73.8203,50.0,84,0,3.71
234,Yarmouth,US,2021-03-26 04:33:42,41.7057,-70.2286,51.01,93,90,8.05
235,Rock Sound,BS,2021-03-26 04:38:19,24.9,-76.2,76.82,77,62,17.29
236,Palmaner,IN,2021-03-26 04:38:19,13.2,78.75,89.33,21,45,9.37
237,Mugur-Aksy,RU,2021-03-26 04:38:20,50.35,90.5,26.28,64,92,13.82
238,Perth,AU,2021-03-26 04:38:20,-31.9333,115.8333,81.0,38,0,6.91
239,Georgiyevka,KZ,2021-03-26 04:38:20,43.0369,74.7114,53.6,94,75,6.71
240,Areka,ET,2021-03-26 04:38:21,7.0667,37.7,68.67,15,34,7.36
241,Krasnoselkup,RU,2021-03-26 04:38:21,65.7,82.4667,24.33,94,100,20.71
242,Oistins,BB,2021-03-26 04:38:22,13.0667,-59.5333,77.0,65,40,18.41
243,Longyearbyen,SJ,2021-03-26 04:38:22,78.2186,15.6401,14.0,73,20,10.36
244,Puerto Ayora,EC,2021-03-26 04:38:22,-0.7393,-90.3518,75.0,94,49,1.01
245,Dodoma,TZ,2021-03-26 04:38:23,-6.1722,35.7395,69.8,88,75,9.22
246,Southbridge,US,2021-03-26 04:38:23,42.0751,-72.0334,55.99,96,100,1.01
247,Bolton,GB,2021-03-26 04:38:23,53.5833,-2.4333,48.99,74,100,5.99
248,Namasuba,UG,2021-03-26 04:38:24,0.6894,32.4214,67.51,76,100,0.94
249,Mount Gambier,AU,2021-03-26 04:38:24,-37.8333,140.7667,69.8,46,75,14.97
250,Carnarvon,AU,2021-03-26 04:38:24,-24.8667,113.6333,78.8,53,97,16.11
251,Qaqortoq,GL,2021-03-26 04:38:25,60.7167,-46.0333,5.0,33,47,11.5
252,Chama,CH,2021-03-26 04:38:25,47.1821,8.4636,39.99,93,16,3.94
253,Woodward,US,2021-03-26 04:38:25,36.4337,-99.3904,44.6,70,1,5.75
254,Moerai,PF,2021-03-26 04:38:26,-22.4333,-151.3333,80.73,79,39,18.03
255,Cairns,AU,2021-03-26 04:38:26,-16.9167,145.7667,91.99,62,40,11.5
256,Vao,NC,2021-03-26 04:38:26,-22.6667,167.4833,77.63,73,8,12.19
257,Muzhi,RU,2021-03-26 04:38:27,65.3667,64.6667,32.94,83,81,12.62
258,Omsukchan,RU,2021-03-26 04:38:27,62.5333,155.8,-2.29,79,63,3.2
259,Taikang,CN,2021-03-26 04:38:27,46.8333,124.4167,43.48,61,100,9.31
260,Labuhan,ID,2021-03-26 04:38:28,-6.8844,112.2051,86.13,68,98,2.28
261,Kalabo,ZM,2021-03-26 04:38:28,-14.97,22.6814,69.03,79,96,4.56
262,Ust-Ishim,RU,2021-03-26 04:38:28,57.6935,71.1665,32.61,97,97,7.29
263,Kavieng,PG,2021-03-26 04:38:29,-2.5744,150.7967,84.54,74,99,13.89
264,Palmas,BR,2021-03-26 04:38:29,-10.2128,-48.3603,77.0,94,75,2.28
265,Rossosh,RU,2021-03-26 04:38:29,51.1209,38.5116,31.84,90,100,11.25
266,Carlsbad,US,2021-03-26 04:38:30,33.1581,-117.3506,55.99,76,75,14.97
267,Yushu,CN,2021-03-26 04:38:30,44.8,126.5333,49.8,43,100,9.98
268,Butaritari,KI,2021-03-26 04:38:30,3.0707,172.7902,81.32,78,75,14.29
269,Ciudad Valles,MX,2021-03-26 04:35:05,21.9833,-99.0167,68.81,60,63,2.75
270,College,US,2021-03-26 04:38:31,64.8569,-147.8028,28.4,64,75,9.22
271,Izhma,RU,2021-03-26 04:38:31,65.0083,53.9113,33.58,93,100,11.34
272,Cabra,ES,2021-03-26 04:38:31,37.4725,-4.4421,50.0,73,100,2.59
273,Kugulta,RU,2021-03-26 04:38:32,45.3636,42.3889,32.0,93,75,20.13
274,Lashio,MM,2021-03-26 04:38:32,22.9333,97.75,91.49,15,33,4.56
275,Ningxiang,CN,2021-03-26 04:38:32,37.34,111.2052,49.19,78,100,4.76
276,Batagay,RU,2021-03-26 04:38:33,67.6333,134.6333,-0.58,80,91,5.1
277,Upernavik,GL,2021-03-26 04:38:33,72.7868,-56.1549,-28.61,84,27,5.03
278,Uthal,PK,2021-03-26 04:38:34,25.8072,66.6219,90.14,14,0,7.09
279,Taoudenni,ML,2021-03-26 04:38:34,22.6783,-3.9836,63.84,15,0,12.3
280,Odesskoye,RU,2021-03-26 04:38:34,54.2111,72.9651,22.17,92,46,11.79
281,Khipro,PK,2021-03-26 04:38:35,25.8285,69.3772,94.01,12,0,6.76
282,Chutove,UA,2021-03-26 04:38:35,49.7104,35.1603,33.42,66,84,9.46
283,Jalu,LY,2021-03-26 04:38:35,29.0331,21.5482,48.87,67,4,7.9
284,Karratha,AU,2021-03-26 04:38:09,-20.7377,116.8463,89.67,44,31,11.95
285,Spokoynaya,RU,2021-03-26 04:38:36,44.2468,41.4015,33.64,77,100,1.63
286,Kinsale,IE,2021-03-26 04:38:36,51.7075,-8.5306,39.99,93,75,9.22
287,Kirensk,RU,2021-03-26 04:38:36,57.7853,108.1119,30.51,81,88,6.51
288,Solnechnyy,RU,2021-03-26 04:38:37,50.7214,136.6319,34.66,62,89,4.94
289,Ahipara,NZ,2021-03-26 04:38:37,-35.1667,173.1667,68.45,64,96,10.42
290,Ilinskiy,RU,2021-03-26 04:38:37,55.619,38.1182,36.0,93,100,6.71
291,Alcantara,BR,2021-03-26 04:38:38,-2.4089,-44.4147,75.2,94,40,4.61
292,Ati,TD,2021-03-26 04:38:38,13.2154,18.3353,72.75,16,45,11.12
293,Sorgun,TR,2021-03-26 04:38:38,39.8101,35.186,21.2,89,35,1.79
294,Santiago Del Estero,AR,2021-03-26 04:38:39,-27.7951,-64.2615,72.1,92,66,11.32
295,Saint-Pierre,RE,2021-03-26 04:38:39,-21.3393,55.4781,81.0,69,0,4.61
296,Lahaina,US,2021-03-26 04:38:39,20.8783,-156.6825,78.8,69,40,5.75
297,Nishihara,JP,2021-03-26 04:38:40,26.1842,127.7558,77.0,60,40,17.27
298,Damoh,IN,2021-03-26 04:38:40,23.8333,79.45,87.96,10,0,5.55
299,Tiznit,MA,2021-03-26 04:38:41,29.5833,-9.5,66.36,15,98,16.04
300,Vincennes,FR,2021-03-26 04:38:41,48.85,2.4333,41.0,87,40,3.44
301,Lichuan,CN,2021-03-26 04:38:41,30.3,108.85,51.26,92,100,2.08
302,Chancay,PE,2021-03-26 04:38:42,-11.5714,-77.2672,73.0,78,0,10.36
303,Hove,GB,2021-03-26 04:38:06,50.8309,-0.1672,48.0,94,87,4.0
304,Lorengau,PG,2021-03-26 04:38:42,-2.0226,147.2712,86.14,67,99,8.72
305,Lokosovo,RU,2021-03-26 04:38:42,61.1333,74.8167,31.62,95,99,11.95
306,Corner Brook,CA,2021-03-26 04:36:30,48.9667,-57.9484,46.4,87,90,3.44
307,Dublin,US,2021-03-26 04:36:57,37.7021,-121.9358,51.8,71,1,3.89
308,Luena,AO,2021-03-26 04:38:43,-11.7833,19.9167,59.83,97,95,4.14
309,Popondetta,PG,2021-03-26 04:38:44,-8.7537,148.2534,87.13,63,98,4.0
310,Castro,BR,2021-03-26 04:38:44,-24.7911,-50.0119,62.02,95,92,2.19
311,Aasiaat,GL,2021-03-26 04:38:45,68.7098,-52.8699,-13.72,97,100,2.48
312,Zhigansk,RU,2021-03-26 04:38:45,66.7697,123.3711,8.49,90,100,23.42
313,Edd,ER,2021-03-26 04:38:45,13.9297,41.6925,83.71,39,36,4.88
314,Chengde,CN,2021-03-26 04:38:46,40.9725,117.9361,63.03,39,100,11.25
315,Avera,US,2021-03-26 04:38:46,33.194,-82.5271,75.2,78,1,14.97
316,Puerto Madryn,AR,2021-03-26 04:35:48,-42.7692,-65.0385,55.04,65,1,12.37
317,Fairview,US,2021-03-26 04:36:22,40.8126,-73.999,59.0,88,90,3.44
318,Tigzirt,DZ,2021-03-26 04:38:47,36.8886,4.1198,56.17,57,24,6.42
319,Atar,MR,2021-03-26 04:38:47,20.5169,-13.0499,72.59,10,0,3.31
320,Hambantota,LK,2021-03-26 04:38:47,6.1241,81.1185,86.0,79,40,10.36
321,Santa Isabel,BR,2021-03-26 04:38:47,-23.3156,-46.2214,71.6,83,75,4.61
322,Hickory,US,2021-03-26 04:38:48,35.7332,-81.3412,61.0,94,90,10.13
323,Puerto Wilches,CO,2021-03-26 04:38:48,7.3483,-73.896,74.73,92,89,1.43
324,Vardo,NO,2021-03-26 04:38:48,70.3705,31.1107,21.2,73,20,12.66
325,Mpulungu,ZM,2021-03-26 04:38:49,-8.7623,31.1141,71.02,84,98,2.84
326,Victoria,HK,2021-03-26 04:35:54,22.2855,114.1577,75.0,74,41,3.0
327,Kota Tinggi,MY,2021-03-26 04:38:49,1.7381,103.8999,91.99,79,40,5.75
328,Salinas,US,2021-03-26 04:34:41,36.6777,-121.6555,51.8,71,90,9.22
329,Pokhara,NP,2021-03-26 04:34:05,28.2333,83.9833,83.77,10,0,7.43
330,Maragogi,BR,2021-03-26 04:38:50,-9.0122,-35.2225,76.95,85,49,6.71
331,Cozumel,MX,2021-03-26 04:36:01,20.5083,-86.9458,78.8,83,40,14.97
332,Bereda,ES,2021-03-26 04:38:50,43.2686,-7.5406,46.4,87,40,6.91
333,Sfantu Gheorghe,RO,2021-03-26 04:36:21,45.8667,25.7833,28.0,73,100,1.12
334,Griffith,US,2021-03-26 04:38:51,41.5284,-87.4237,39.2,100,90,20.71
335,Tambacounda,SN,2021-03-26 04:38:52,13.7539,-13.7586,89.6,40,0,4.61
336,San Quintin,MX,2021-03-26 04:38:52,30.4833,-115.95,55.67,76,25,9.6
337,Playa Vicente,MX,2021-03-26 04:38:52,17.8333,-95.8167,75.63,73,1,9.71
338,Boyolangu,ID,2021-03-26 04:38:52,-8.1181,111.8935,84.61,67,100,4.99
339,Karaton,ID,2021-03-26 04:38:53,-6.3424,106.1045,89.6,62,40,8.05
340,Talcahuano,CL,2021-03-26 04:38:53,-36.7167,-73.1167,50.0,87,0,4.61
341,Imbituba,BR,2021-03-26 04:38:53,-28.24,-48.6703,77.0,88,75,6.91
342,Yar-Sale,RU,2021-03-26 04:38:54,66.8333,70.8333,28.69,93,99,16.51
343,Christchurch,NZ,2021-03-26 04:35:12,-43.5333,172.6333,68.0,64,93,11.5
344,San Lorenzo,PY,2021-03-26 04:38:54,-25.3333,-57.5333,77.0,88,0,4.68
345,Sao Joao Da Barra,BR,2021-03-26 04:38:55,-21.6403,-41.0511,74.48,90,83,2.82
346,Thompson,CA,2021-03-26 04:38:55,55.7435,-97.8558,17.6,67,90,6.91
347,Youghal,IE,2021-03-26 04:38:55,51.95,-7.8506,42.01,93,75,9.22
348,Margate,GB,2021-03-26 04:38:55,51.3813,1.3862,48.99,78,55,3.0
349,Sao Filipe,CV,2021-03-26 04:38:56,14.8961,-24.4956,69.76,79,13,12.59
350,Balkhash,KZ,2021-03-26 04:38:56,46.844,74.9804,39.2,60,0,26.84
351,Odweyne,SO,2021-03-26 04:38:57,9.4092,45.064,68.77,30,7,9.28
352,Kupang,ID,2021-03-26 04:38:57,-10.1667,123.5833,87.8,84,40,8.05
353,Beisfjord,NO,2021-03-26 04:38:57,68.3751,17.5988,30.2,86,90,8.05
354,Bubaque,GW,2021-03-26 04:38:58,11.2833,-15.8333,75.22,74,0,8.63
355,Green River,US,2021-03-26 04:33:59,41.5286,-109.4662,34.0,60,90,5.75
356,Juneau,US,2021-03-26 04:36:09,58.3019,-134.4197,35.6,80,90,10.36
357,Guia,ES,2021-03-26 04:38:58,28.1397,-15.6329,71.6,35,20,17.27
358,Kharp,RU,2021-03-26 04:38:58,66.8014,65.8081,27.45,88,79,8.79
359,Lazaro Cardenas,MX,2021-03-26 04:36:12,17.9583,-102.2,70.92,78,3,1.81
360,Kapoeta,SS,2021-03-26 04:38:59,4.7717,33.5903,86.4,25,55,21.99
361,Saint Anthony,US,2021-03-26 04:38:59,45.0205,-93.218,37.4,74,1,10.36
362,Maceio,BR,2021-03-26 04:38:59,-9.6658,-35.7353,73.4,94,40,1.14
363,Rio Grande,BR,2021-03-26 04:39:00,-32.035,-52.0986,70.0,97,100,9.89
364,Dudinka,RU,2021-03-26 04:39:00,69.4058,86.1778,16.81,91,100,18.77
365,Aldan,RU,2021-03-26 04:39:01,58.6031,125.3894,28.13,76,94,10.38
366,Muswellbrook,AU,2021-03-26 04:39:01,-32.2667,150.9,72.73,43,1,2.84
367,Port Hawkesbury,CA,2021-03-26 04:39:01,45.6169,-61.3485,44.6,100,90,10.36
368,Kushima,JP,2021-03-26 04:39:02,31.4583,131.2333,69.8,30,20,8.05
369,Envira,BR,2021-03-26 04:39:02,-7.3,-70.2167,71.35,99,46,2.24
370,Bandundu,CD,2021-03-26 04:39:02,-3.3167,17.3667,70.65,92,99,1.95
371,Tateyama,JP,2021-03-26 04:37:04,34.9833,139.8667,64.4,48,20,4.61
372,Goderich,CA,2021-03-26 04:39:03,43.7501,-81.7165,44.6,81,100,10.36
373,Kurilsk,RU,2021-03-26 04:39:03,45.2333,147.8833,30.87,97,100,12.8
374,Luan,CH,2021-03-26 04:39:03,46.3592,6.9759,39.2,70,0,3.44
375,Touros,BR,2021-03-26 04:36:26,-5.1989,-35.4608,75.2,94,90,4.61
376,Greeley,US,2021-03-26 04:39:04,40.4233,-104.7091,42.8,45,90,3.44
377,Obo,CF,2021-03-26 04:39:04,5.3998,26.4869,70.5,87,96,6.91
378,Bambous Virieux,MU,2021-03-26 04:39:04,-20.3428,57.7575,79.0,94,40,6.91
379,Mahebourg,MU,2021-03-26 04:39:05,-20.4081,57.7,75.2,94,40,6.91
380,Harrisonburg,US,2021-03-26 04:39:05,38.4496,-78.8689,64.0,1,100,1.99
381,Zabol,AF,2021-03-26 04:39:05,32.25,67.25,65.93,20,0,13.94
382,Kiruna,SE,2021-03-26 04:39:06,67.8557,20.2251,14.0,92,30,6.91
383,Dunedin,NZ,2021-03-26 04:39:06,-45.8742,170.5036,64.0,74,58,5.99
384,Pevek,RU,2021-03-26 04:39:06,69.7008,170.3133,-18.53,94,91,0.98
385,Liuzhou,CN,2021-03-26 04:39:07,24.3126,109.3892,72.1,75,95,13.4
386,Mayo,US,2021-03-26 04:39:07,38.8876,-76.5119,60.8,88,75,12.66
387,Aranda De Duero,ES,2021-03-26 04:39:07,41.6704,-3.6892,44.82,63,100,4.16
388,Fuyang,CN,2021-03-26 04:39:08,32.9,115.8167,71.82,52,45,2.82
389,Chantada,ES,2021-03-26 04:39:08,42.6088,-7.7712,43.0,93,75,3.44
390,Ekhabi,RU,2021-03-26 04:39:08,53.5102,142.9671,24.67,58,78,6.67
391,Safford,US,2021-03-26 04:39:09,32.834,-109.7076,57.2,28,1,4.61
392,Kaiserslautern,DE,2021-03-26 04:38:19,49.45,7.75,43.0,100,75,3.94
393,Roma,US,2021-03-26 04:39:09,43.2128,-75.4557,60.8,67,90,5.28
394,Itaquyry,PY,2021-03-26 04:39:10,-24.9333,-55.2167,73.4,94,75,6.91
395,Ashland,US,2021-03-26 04:37:28,40.8167,-82.2665,60.8,88,90,11.5
396,Asau,RO,2021-03-26 04:39:10,46.4333,26.4,34.0,49,96,4.72
397,Sorong,ID,2021-03-26 04:39:10,-0.8833,131.25,84.56,68,100,7.27
398,Barra Patuca,HN,2021-03-26 04:39:11,15.8,-84.2833,77.7,79,25,12.46
399,Sun Valley,US,2021-03-26 04:39:11,39.5963,-119.776,41.0,38,75,12.66
400,Aksu,CN,2021-03-26 04:39:11,41.1231,80.2644,61.77,21,87,3.83
401,Nanhai,CN,2021-03-26 04:39:12,30.1282,111.7784,61.0,81,97,5.17
402,Acapulco,MX,2021-03-26 04:39:12,16.8634,-99.8901,74.91,75,3,3.33
403,Cidreira,BR,2021-03-26 04:39:12,-30.1811,-50.2056,73.2,90,21,14.14
404,Bowen,AU,2021-03-26 04:39:13,-20.0167,148.2333,86.0,66,75,13.8
405,Tabou,CI,2021-03-26 04:39:13,4.423,-7.3528,76.39,89,92,3.29
406,Kavaratti,IN,2021-03-26 04:39:13,10.5669,72.642,83.64,72,9,8.59
407,General Cepeda,MX,2021-03-26 04:39:14,25.3833,-101.45,64.4,39,1,6.91
408,Cam Ranh,VN,2021-03-26 04:39:14,11.9214,109.1591,84.2,74,20,10.36
409,San Patricio,US,2021-03-26 04:39:14,28.017,-97.5169,64.4,59,1,4.61
410,Ust-Nera,RU,2021-03-26 04:39:14,64.5667,143.2,0.16,88,95,5.57
411,Ostrovnoy,RU,2021-03-26 04:39:15,68.0531,39.5131,29.89,87,100,9.42
412,Paka,MY,2021-03-26 04:37:02,4.6374,103.4368,86.0,79,40,6.91
413,Mizan Teferi,ET,2021-03-26 04:39:15,6.9833,35.5833,69.94,64,44,2.04
414,Tanggu,CN,2021-03-26 04:39:16,39.0211,117.6469,66.2,42,100,11.18
415,Kindu,CD,2021-03-26 04:39:16,-2.95,25.95,69.08,99,100,1.39
416,Kangaatsiaq,GL,2021-03-26 04:39:16,68.3065,-53.4641,-10.8,82,100,5.7
417,Madaoua,NE,2021-03-26 04:39:16,14.073,5.96,71.31,11,18,10.67
418,Husavik,IS,2021-03-26 04:39:17,66.0449,-17.3389,28.4,80,90,17.27
419,Machakos,KE,2021-03-26 04:39:17,-1.5167,37.2667,64.33,78,15,2.57
420,Najran,SA,2021-03-26 04:39:17,17.4924,44.1277,64.4,24,0,4.61
421,Rivers,CA,2021-03-26 04:39:18,50.0308,-100.2403,42.8,56,75,10.36
422,Seoul,KR,2021-03-26 04:39:12,37.5683,126.9778,66.2,36,100,1.14
423,Tabriz,IR,2021-03-26 04:39:18,38.08,46.2919,37.4,60,20,4.61
424,Amuntai,ID,2021-03-26 04:39:19,-2.4177,115.2494,88.63,62,99,2.62
425,Kem,RU,2021-03-26 04:39:19,64.9555,34.5793,25.7,87,6,6.08
426,Sabratah,LY,2021-03-26 04:39:19,32.7933,12.4885,50.49,65,0,4.63
427,Camacha,PT,2021-03-26 04:39:20,33.0833,-16.3333,64.4,72,20,24.16
428,Bac Lieu,VN,2021-03-26 04:39:20,9.285,105.7244,87.03,60,100,19.3
429,Bay Roberts,CA,2021-03-26 04:39:20,47.5999,-53.2648,45.0,100,90,11.5
430,Alihe,CN,2021-03-26 04:35:15,50.5667,123.7167,38.64,69,100,11.5
431,Kinkala,CG,2021-03-26 04:39:21,-4.3614,14.7644,73.4,88,75,4.61
432,Colac,AU,2021-03-26 04:39:21,-38.3333,143.5833,64.99,75,89,9.64
433,Launceston,AU,2021-03-26 04:39:22,-41.45,147.1667,66.2,59,90,21.85
434,Morehead,US,2021-03-26 04:39:22,37.2711,-87.1764,60.8,63,1,8.05
435,Iskateley,RU,2021-03-26 04:39:22,67.6803,53.1512,21.07,94,99,12.06
436,Wewak,PG,2021-03-26 04:39:22,-3.5534,143.6268,83.71,73,99,5.01
437,Nagayo,JP,2021-03-26 04:39:23,32.8242,129.8861,71.6,28,0,2.3
438,Naze,JP,2021-03-26 04:39:23,28.3667,129.4833,75.2,53,75,11.5
439,Belyy Yar,RU,2021-03-26 04:39:23,53.6039,91.3903,30.2,86,90,13.42
440,Czersk,PL,2021-03-26 04:39:24,53.7959,17.9765,39.0,86,9,1.86
441,Padang,ID,2021-03-26 04:39:24,-0.9492,100.3543,86.0,74,20,5.75
442,Nyurba,RU,2021-03-26 04:39:24,63.2842,118.3319,27.39,93,100,6.71
443,Verkhnyaya Toyma,RU,2021-03-26 04:39:25,62.2349,44.9985,33.39,89,100,6.71
444,Hit,IQ,2021-03-26 04:39:25,33.6416,42.8251,60.19,42,0,6.46
445,Sulangan,PH,2021-03-26 04:39:26,11.1373,123.7228,82.72,72,96,8.9
446,Kaspiyskiy,RU,2021-03-26 04:39:26,45.3929,47.3707,39.54,74,100,25.48
447,Pangody,RU,2021-03-26 04:39:26,65.85,74.4859,27.66,93,100,16.73
448,Shingu,JP,2021-03-26 04:39:26,33.7333,135.9833,66.2,37,20,24.16
449,Bani,DO,2021-03-26 04:39:27,18.2833,-70.3333,73.99,85,16,1.01
450,Hervey Bay,AU,2021-03-26 04:39:27,-25.2986,152.8535,84.2,45,0,11.5
451,Beringovskiy,RU,2021-03-26 04:39:27,63.05,179.3167,10.58,93,100,3.33
452,Matay,EG,2021-03-26 04:39:28,28.419,30.7792,55.09,60,1,5.12
453,Arlit,NE,2021-03-26 04:39:28,18.7369,7.3853,65.39,16,1,11.61
454,Mecca,SA,2021-03-26 04:39:28,21.4267,39.8261,77.14,45,3,4.16
455,Sovetskiy,RU,2021-03-26 04:39:29,61.3614,63.5842,33.64,89,36,9.55
456,Gravdal,NO,2021-03-26 04:39:29,68.1214,13.5031,38.1,86,92,21.47
457,Bhatkal,IN,2021-03-26 04:39:29,13.9667,74.5667,88.9,56,9,5.55
458,Okha,RU,2021-03-26 04:39:30,53.5739,142.9478,23.74,61,70,6.87
459,Kichera,RU,2021-03-26 04:39:30,55.9375,110.0997,30.22,92,98,5.95
460,Villena,ES,2021-03-26 04:39:30,38.6373,-0.8657,59.0,76,63,2.86
461,Stornoway,GB,2021-03-26 04:39:31,58.2093,-6.3865,37.99,93,75,2.3
462,Nagato,JP,2021-03-26 04:39:31,34.3833,131.2,69.8,43,40,11.5
463,Proletarskiy,RU,2021-03-26 04:39:32,50.7914,35.7731,28.4,74,0,8.95
464,Richards Bay,ZA,2021-03-26 04:39:32,-28.783,32.0377,67.03,94,100,8.41
465,Morondava,MG,2021-03-26 04:39:32,-20.2833,44.2833,77.52,80,48,6.93
466,Mandiana,GN,2021-03-26 04:39:33,10.6333,-8.6833,76.3,24,6,2.57
467,Port Lincoln,AU,2021-03-26 04:36:10,-34.7333,135.8667,69.57,53,17,15.95
468,Kulhudhuffushi,MV,2021-03-26 04:39:33,6.6221,73.07,83.68,73,40,7.45
469,Beloha,MG,2021-03-26 04:39:34,-25.1667,45.05,75.83,70,1,9.4
470,Okhotsk,RU,2021-03-26 04:39:34,59.3833,143.3,14.86,70,43,5.82
471,Waipawa,NZ,2021-03-26 04:39:34,-41.4122,175.5153,68.0,73,20,19.57
472,Oyem,GA,2021-03-26 04:39:35,1.5995,11.5793,65.7,96,100,1.28
473,Yilan,TW,2021-03-26 04:39:35,24.757,121.753,82.4,65,40,4.61
474,Tulun,RU,2021-03-26 04:39:35,54.5611,100.5792,32.38,87,100,10.47
475,Namatanai,PG,2021-03-26 04:39:36,-3.6667,152.4333,84.72,70,79,9.66
476,Puri,IN,2021-03-26 04:39:36,19.8,85.85,93.2,38,40,3.44
477,La Sierra,CO,2021-03-26 04:39:36,2.1784,-76.7626,57.2,95,100,4.03
478,Gemena,CD,2021-03-26 04:39:37,3.25,19.7667,67.33,96,98,1.05
479,Tagab,AF,2021-03-26 04:39:37,34.855,69.6492,53.6,71,44,4.61
480,Mildura,AU,2021-03-26 04:39:37,-34.2,142.15,73.99,35,40,10.36
481,Inuvik,CA,2021-03-26 04:39:38,68.3499,-133.7218,17.6,53,78,4.61
482,Port Blair,IN,2021-03-26 04:39:38,11.6667,92.75,87.13,61,45,9.73
483,Cayenne,GF,2021-03-26 04:39:38,4.9333,-52.3333,77.0,88,75,11.5
484,Puerto Escondido,MX,2021-03-26 04:39:39,15.85,-97.0667,75.18,73,4,4.61
485,Trinidad,BO,2021-03-26 04:39:39,-14.8333,-64.9,72.63,97,64,4.0
486,Jashpurnagar,IN,2021-03-26 04:39:39,22.9,84.15,91.33,9,13,1.9
487,Shakawe,BW,2021-03-26 04:39:40,-18.3667,21.85,65.25,88,20,2.21
488,Coolum Beach,AU,2021-03-26 04:39:40,-26.5333,153.1,82.0,91,0,1.01
489,Zelenoborskiy,RU,2021-03-26 04:39:40,66.845,32.3622,14.86,93,13,4.09
490,Linxi,CN,2021-03-26 04:39:41,39.7,118.4333,67.15,40,100,14.16
491,Grenfell,AU,2021-03-26 04:36:08,-33.9,148.1667,67.96,43,57,8.88
492,Logan Lake,CA,2021-03-26 04:39:41,50.4998,-120.8025,42.8,49,20,4.61
493,Goundam,ML,2021-03-26 04:39:41,16.4145,-3.6708,67.26,10,2,10.16
494,Porto Novo,BJ,2021-03-26 04:39:42,6.4965,2.6036,78.8,94,20,2.3
495,Marzuq,YE,2021-03-26 04:39:42,14.4,46.4667,73.69,10,11,4.63
496,Corrales,US,2021-03-26 04:39:42,35.2378,-106.6067,42.01,74,100,3.0
497,Rehoboth,NA,2021-03-26 04:39:43,-23.3167,17.0833,66.15,60,36,4.88
498,Nalut,LY,2021-03-26 04:36:08,30.3333,10.85,45.48,60,0,8.43
499,Mafra,BR,2021-03-26 04:39:43,-26.1114,-49.8053,63.0,96,95,1.25
500,Flin Flon,CA,2021-03-26 04:39:43,54.7682,-101.865,24.48,97,100,3.85
501,Muroto,JP,2021-03-26 04:39:44,33.2833,134.15,69.8,40,75,6.91
502,Tuy Hoa,VN,2021-03-26 04:39:44,13.0833,109.3,83.05,69,64,7.87
503,Mae Hong Son,TH,2021-03-26 04:39:44,19.3003,97.9685,93.2,43,100,3.44
504,Puerto Suarez,BO,2021-03-26 04:39:45,-18.95,-57.8,74.97,62,4,3.27
505,Half Moon Bay,US,2021-03-26 04:36:30,37.4636,-122.4286,50.0,81,1,11.5
506,Baishishan,CN,2021-03-26 04:39:45,43.5833,127.5667,51.1,38,100,4.38
507,Bonavista,CA,2021-03-26 04:39:46,48.6499,-53.1147,41.0,87,100,9.22
508,Petropavlovsk-Kamchatskiy,RU,2021-03-26 04:39:46,53.0452,158.6483,32.0,43,44,4.47
509,Burnie,AU,2021-03-26 04:39:46,-41.0667,145.9167,62.01,71,98,11.01
510,Bonthe,SL,2021-03-26 04:39:47,7.5264,-12.505,76.41,88,28,5.3
511,Chaumont,FR,2021-03-26 04:39:47,48.1167,5.1333,35.6,93,7,4.61
512,Kamina,CD,2021-03-26 04:39:47,-8.7386,24.9906,63.77,97,100,2.06
513,Faya,SA,2021-03-26 04:39:48,18.3851,42.4509,62.6,62,0,3.78
514,Lokoja,NG,2021-03-26 04:39:48,7.8024,6.743,75.63,83,91,2.06
515,Qiryat Shemona,IL,2021-03-26 04:39:48,33.2073,35.5721,48.2,100,75,2.3
516,Dafeng,CN,2021-03-26 04:39:49,23.4517,108.5881,69.85,88,100,8.37
517,Ambilobe,MG,2021-03-26 04:39:49,-13.2,49.05,77.4,89,100,2.37
518,Vanavara,RU,2021-03-26 04:39:49,60.34,102.2797,27.77,78,100,8.14
519,Ulaanbaatar,MN,2021-03-26 04:36:00,47.9077,106.8832,41.0,36,75,4.47
520,Shestakovo,RU,2021-03-26 04:39:50,56.4915,103.96,31.35,78,100,4.0
521,Searcy,US,2021-03-26 04:39:50,35.2506,-91.7363,51.8,100,1,3.44
522,Aquiraz,BR,2021-03-26 04:39:50,-3.9014,-38.3911,75.99,100,90,8.05
523,Verkhnevilyuysk,RU,2021-03-26 04:39:51,63.4453,120.3167,24.62,93,100,7.81
524,Fuerte Olimpo,PY,2021-03-26 04:39:51,-21.0415,-57.8738,76.42,59,2,4.29
525,Ipu,BR,2021-03-26 04:39:51,-4.3222,-40.7108,71.37,96,100,1.66
526,Miri,MY,2021-03-26 04:39:46,4.4148,114.0089,86.0,70,20,5.75
527,Broome,US,2021-03-26 04:39:52,42.2506,-75.833,60.01,82,90,8.05
528,Igurubi,TZ,2021-03-26 04:39:52,-4.0,33.7,67.15,86,100,6.04
529,Fortuna,US,2021-03-26 04:39:52,40.5982,-124.1573,48.0,81,90,12.66
530,Kohlu,PK,2021-03-26 04:39:53,29.8962,69.252,74.53,27,0,5.55
531,Mount Vernon,US,2021-03-26 04:37:32,40.9126,-73.8371,57.99,94,90,4.61
532,Altea,ES,2021-03-26 04:39:53,38.5989,-0.0514,54.0,98,36,1.01
533,Izalco,SV,2021-03-26 04:39:53,13.7447,-89.6731,69.01,80,9,3.13
534,Masallatah,LY,2021-03-26 04:39:54,32.6167,14.0,49.93,76,12,4.29
535,Prainha,BR,2021-03-26 04:39:54,-1.8,-53.48,71.31,98,98,5.32
536,Vila,PT,2021-03-26 04:39:54,42.0304,-8.1588,41.0,92,78,5.01
537,Sisimiut,GL,2021-03-26 04:39:55,66.9395,-53.6735,-5.21,95,100,8.32
538,Kutum,SD,2021-03-26 04:39:55,14.2,24.6667,66.22,19,41,8.97
539,Krasnoshchekovo,RU,2021-03-26 04:39:56,51.6708,82.7289,27.84,83,100,10.8
540,Iranduba,BR,2021-03-26 04:39:56,-3.2847,-60.1861,78.8,89,0,4.61
541,Chapais,CA,2021-03-26 04:39:56,49.7834,-74.8492,26.6,86,90,10.36
542,Sayyan,YE,2021-03-26 04:39:57,15.1718,44.3244,63.07,16,11,5.44
543,Mamallapuram,IN,2021-03-26 04:39:57,12.6264,80.1722,86.0,66,40,2.3
544,Dangriga,BZ,2021-03-26 04:39:57,16.9692,-88.2321,80.01,85,0,8.01
545,Yerbogachen,RU,2021-03-26 04:39:58,61.2767,108.0108,26.96,77,99,12.95
546,Pacifica,US,2021-03-26 04:39:58,37.6138,-122.4869,51.01,81,1,11.5
547,Teahupoo,PF,2021-03-26 04:39:58,-17.8333,-149.2667,84.2,65,40,1.14
548,Masvingo,ZW,2021-03-26 04:39:59,-20.0637,30.8277,64.36,75,44,3.02
549,Krasnyy Chikoy,RU,2021-03-26 04:39:59,50.3643,108.7512,38.79,59,35,6.17
550,Bajil,YE,2021-03-26 04:39:59,15.0584,43.2851,79.72,56,22,5.44
551,Orzu,TJ,2021-03-26 04:40:00,37.5593,68.8184,64.4,55,75,4.47
552,Rudsar,IR,2021-03-26 04:40:00,37.1376,50.288,51.8,93,75,2.3
553,Veraval,IN,2021-03-26 04:40:01,20.9,70.3667,91.0,25,0,6.4
554,Ayan,RU,2021-03-26 04:40:01,56.45,138.1667,20.17,64,1,6.67
555,Saint George,US,2021-03-26 04:40:01,37.1041,-113.5841,55.0,26,90,3.62
556,Yafran,LY,2021-03-26 04:40:02,32.0633,12.5286,38.98,78,0,1.48
557,Tamiahua,MX,2021-03-26 04:40:04,21.2667,-97.45,72.0,84,100,9.62
558,Puerto Maldonado,PE,2021-03-26 04:40:04,-12.6,-69.1833,71.42,98,75,0.6
559,Guarapari,BR,2021-03-26 04:40:04,-20.6667,-40.4975,73.4,94,0,4.61
560,Markivka,UA,2021-03-26 04:40:05,49.5229,39.5705,32.54,73,100,12.55
561,Hami,CN,2021-03-26 04:40:05,42.8,93.45,62.02,21,2,3.76
562,Honningsvag,NO,2021-03-26 04:40:06,70.9821,25.9704,30.2,69,0,8.05
563,Portland,US,2021-03-26 04:37:36,45.5234,-122.6762,48.0,81,74,2.26
564,Narasannapeta,IN,2021-03-26 04:40:06,18.4167,84.05,94.57,32,82,7.58
565,Curup,ID,2021-03-26 04:40:06,-3.4667,102.5333,81.91,66,95,1.36
566,Praya,CV,2021-03-26 04:40:07,14.9215,-23.5087,68.0,77,20,17.27
567,Salinopolis,BR,2021-03-26 04:40:07,-0.6136,-47.3561,73.94,92,100,2.77
568,Talavera,PH,2021-03-26 04:40:07,15.6167,120.9333,89.6,55,75,4.61
569,Guerrero Negro,MX,2021-03-26 04:40:08,27.9769,-114.0611,56.66,81,1,7.36
570,Jamtara,IN,2021-03-26 04:40:08,23.95,86.8,87.8,35,0,6.91
571,Abu Dhabi,AE,2021-03-26 04:38:30,24.4667,54.3667,82.4,26,0,10.36
572,Jiuquan,CN,2021-03-26 04:40:08,39.7432,98.5174,58.08,16,2,2.33
573,Lata,PT,2021-03-26 04:40:09,40.1629,-8.3327,51.01,92,99,2.17
574,Mareeba,AU,2021-03-26 04:40:09,-17.0,145.4333,91.99,62,40,11.5
575,Porosozero,RU,2021-03-26 04:40:09,62.7191,32.727,32.4,93,98,5.53
576,Amapa,BR,2021-03-26 04:40:10,1.0,-52.0,69.42,99,100,0.98
577,Sohag,EG,2021-03-26 04:40:10,26.557,31.6948,56.82,35,0,6.33
578,Acarau,BR,2021-03-26 04:40:11,-2.8856,-40.12,76.8,84,100,4.85
579,Kinston,US,2021-03-26 04:38:20,35.2627,-77.5816,69.8,88,40,9.22
580,Kyenjojo,UG,2021-03-26 04:40:11,0.6328,30.6214,66.2,74,100,1.16
581,Ust-Kuyga,RU,2021-03-26 04:40:11,70.0167,135.6,-3.53,90,90,7.99
582,Yakeshi,CN,2021-03-26 04:40:12,49.2833,120.7333,40.37,69,99,15.79
583,Whitehorse,CA,2021-03-26 04:40:12,60.7161,-135.0538,28.99,74,20,8.05
584,Port Augusta,AU,2021-03-26 04:40:12,-32.5,137.7667,71.6,60,90,14.97
585,Kloulklubed,PW,2021-03-26 04:40:13,7.0419,134.2556,82.4,83,90,10.36
586,Quesnel,CA,2021-03-26 04:35:50,52.9999,-122.5029,32.0,80,75,2.3
587,Viedma,AR,2021-03-26 04:40:13,-40.8135,-62.9967,52.81,69,94,6.15
